Model,MAE,RMSE,R2_Score
Random Forest Regressor,240.5173333333333,307.4097924305961,0.9855115258612709
ANN Regressor,1890.0618896484375,2478.792548802743,0.05796372890472412
